ppm,mean,rms,std,slope,label
2.0,0.9960830895099475,1.4088370081685624,0.45929662650913183,-0.010464191569952595,True
2.0306908221151514,1.1170596375656228,1.4896264358747195,0.4593254569420659,-0.011992363090090328,True
2.0345866006413402,1.2361562853404795,1.5639472825629872,0.45944536640526357,-0.014937889157280613,True
2.0055669519501147,1.3515994407199223,1.63069465462408,0.460058483607092,-0.012921662014473064,True
1.9847853570972114,1.4721467778220882,1.7004915831424507,0.4600610250464323,-0.010769268253176716,True
1.9380140496328317,1.5936568306196734,1.7685889039661733,0.4600772242424794,-0.01034841673565981,True
1.9726089519824967,1.712454875424221,1.8313149151422325,0.46011672958242394,-0.008231213894752077,True
1.971076698740013,1.835215267569094,1.8960053113046418,0.4602008114654799,-0.0072561882256286766,True
1.935624768890805,1.9562099178555075,1.9568013253425385,0.46020248298408817,-0.007910994336671313,True
1.9055463643977089,1.9475309932476628,1.9482199332078796,0.38610781800414606,-0.0069663281368451575,True
1.8470904860710853,1.9420653145333695,1.9426375573549355,0.31131755167921443,-0.005670478294532686,True
1.9287573936346545,1.9348741613001312,1.9353051527291818,0.23893072219397626,-0.004260610467049425,True
1.9441608447613634,1.9287177881257849,1.929071904286107,0.174530557335889,-0.002856543586540011,True
1.9007687168727627,1.9248859555076736,1.925186382775156,0.11874829601267402,-0.0001403979125088746,True
1.9641662743179695,1.9289794513614795,1.9293722348757254,0.08272124489269221,0.0015113838553640507,True
1.9359144045826118,1.9309529995658012,1.9314050887112253,0.05245137900962485,0.002341066013130363,True
1.861137206274486,1.9284863832192496,1.9289113986463957,0.040782564189887315,0.004078433937917689,True
1.943239962686461,1.9309161996549893,1.9313725880078985,0.04046555136649963,0.004529797530238525,True
1.919528148909525,1.9336462502318534,1.9340950856743044,0.04123543037685844,0.006654746546104713,True
1.9070649811605689,1.9475855033446092,1.948159841615152,0.03646436493851703,0.006879316184455624,True
1.9234760352074343,1.95575901450332,1.9565083974251674,0.03713546601465311,0.005580115617828462,True
2.003509983293726,1.95403029961036,1.9548020679508187,0.04868527141261262,0.005316749723179191,True
2.004185723251646,1.9571365106703273,1.957859514684535,0.05490057615997827,0.006514189778573892,True
1.9316108371951852,1.964036977731268,1.964963885603904,0.05440221293616302,0.01031880196224492,True
1.9745018318626382,1.9779137588518416,1.9793667253738005,0.06033316929094174,0.014714794341447674,True
1.949227173627539,2.001849478738462,2.004034593059901,0.0749702559191245,0.014788226762350282,True
2.070118535875176,2.0145411563623377,2.0169427010651026,0.07828053054427937,0.016616610638597037,True
2.0595335721740264,2.030763767538417,2.03335883375176,0.08353987466406548,0.015967735736955282,True
1.9165014064740025,2.0433788791023555,2.045778599562202,0.0837927487342417,0.014523330603169328,True
1.9504680938322425,2.0547883841032073,2.0569843767471716,0.0843725672444317,0.011143840783846538,True
2.07457374729302,2.0554281821606937,2.057609039452771,0.08416982030325987,0.008509939067392782,True
2.15794290251179,2.0534801615504987,2.055725488871365,0.08583907338214451,0.005249456376688416,True
2.2441087244604154,2.0537851081397642,2.056012366146505,0.08999224011598725,0.0017978960424557184,True
2.1463068046684652,2.0553743562757534,2.057547862824373,0.09062624173583238,6.724110802455819e-05,True
2.1790899277268023,2.0615466253635875,2.06353460537063,0.08972998608021661,-0.0022165027382860325,True
2.1089067661835794,2.0607514131800015,2.0627391542311893,0.08894541334860046,-0.0038561832436001618,True
2.106028115221058,2.0550156014637375,2.0571322313814644,0.0892628229868487,-0.0057502910824961785,True
2.0137467522135153,2.057352896744722,2.059329814275235,0.08390727647824887,-0.011282800193627875,True
1.973017393488525,2.055201542276939,2.0573091747920986,0.08118790692991046,-0.014794858749008212,True
1.9364899826234292,2.0493419333459526,2.0515257783507557,0.08109607111015286,-0.014201172954737768,True
1.999929802038472,2.0428697578706334,2.044870429602388,0.08011458347601232,-0.010636145452717096,True
2.0479834790328804,2.034463776081391,2.035902200057243,0.07379489867119256,-0.006262830343104092,True
2.0573951409377975,2.028310719432901,2.0295543439847843,0.07286579004908078,-0.0069296422643975765,True
1.9677605847138049,2.0093868005881865,2.010558834892253,0.07069521276413782,-0.00792650981454884,True
1.953898130969751,1.9893828419762039,1.9910741811874213,0.08288951089928778,-0.007221497754760887,True
1.9160464223477247,1.9768694930760136,1.9784273573228772,0.08353742811952508,-0.006277258821326537,True
1.9808200043972355,1.9695020120961766,1.971134394918092,0.08522520600428987,-0.007430469625621413,True
2.054388094906681,1.9628411450631311,1.9646365221585893,0.08820159768131651,-0.00679573013965552,True
2.109613015832532,1.9658753093005419,1.9676623744799489,0.08363163984391486,-0.005463767794354521,True
2.047857898292631,1.9698291163973873,1.9717403517405634,0.08424056835022646,-0.0032000305235960224,True
1.8763072262113676,1.970278838430644,1.9722082286789724,0.08493390041388717,-0.0005191718267727033,True
1.7888434283918593,1.9685227665824319,1.9703879746149306,0.0847201587211591,0.0021735110686310183,True
1.9058145328180127,1.9715988062811098,1.97349587843069,0.08413071154498142,0.0032053419894856553,True
1.8958670565361215,1.9762339483962506,1.9781665566612097,0.08380701153040673,0.005583467776674492,True
1.8664435209597965,1.988971933310104,1.9911183206659848,0.08429008295753877,0.006864382580708293,True
1.985036610422001,1.9981221892401648,2.000535383794133,0.08678391124943556,0.00953649733140889,True
2.0631907155880005,2.0042043224565487,2.006918987768684,0.08838151443094551,0.014342037506924468,True
2.055179031564988,2.0097974526518723,2.012914065148135,0.09120874298338265,0.018049394067343596,True
2.029297991366401,2.01299740113687,2.0162075656921736,0.09139636750356032,0.021017106273461934,True
2.016977219892653,2.0288213386544807,2.0318662447499247,0.09339218304528552,0.019273128158596855,True
2.0280604048120034,2.0477931598324566,2.0499059860912654,0.08452452074775035,0.011838325788677894,True
2.119854180969379,2.04915274968178,2.051176828006976,0.08511207099854078,0.004353063745176256,True
2.127224099278206,2.0438324712937073,2.046364137804338,0.09530976521769283,-0.0037597545051080844,True
2.1517022263688235,2.038307510939145,2.041438349440839,0.10487202703035924,-0.010955059901366101,True
2.1991030989577105,2.029443405644603,2.0331100671911244,0.11026498231436853,-0.01488237245222599,True
2.0990570740525887,2.017591314718687,2.0216027924262594,0.1117758135392765,-0.01622367127107875,True
2.129490226493143,2.0081167298763685,2.012304698168536,0.11171801534325325,-0.014771710413271735,True
2.0923925672394748,2.0084796324119623,2.012671155508583,0.11422781662738032,-0.015437747338832348,True
1.9275679704071877,2.004524393059542,2.008765846873026,0.11439700944292286,-0.01608633921651109,True
1.8107426023269608,2.000207704037843,2.004477327449646,0.11461761318172554,-0.01586956467729069,True
1.7780441552867956,1.991679974275002,1.9957298975247961,0.11396771442578757,-0.014335902432655187,True
1.843210925709331,1.9800861269486791,1.983875771749768,0.11206709000009961,-0.011998341435904131,True
1.8735572607733493,1.9676149731414685,1.97093458383264,0.1085141313447438,-0.010433350834408764,True
1.9035856740878867,1.9466299194935102,1.9491876513961468,0.10436183073895695,-0.0050553402950163666,True
2.0351044319359053,1.9384660572113686,1.9406509353727615,0.10255308914118968,-0.0020279271109849887,True
1.9536933902539306,1.9261399876027814,1.9277086074689775,0.09949061755642562,0.004668669105028224,True
1.9589933804648176,1.9243852118833829,1.9258157709838983,0.09847963647979664,0.010479304720859547,True
1.9834105047639239,1.9322072307913514,1.9338821767803982,0.09732649262898982,0.013805754813857849,True
1.9417225420570352,1.9506917835158182,1.9525134229771564,0.0886390413588111,0.013740695837123024,True
1.9521637654534565,1.9700217086160934,1.971554189889144,0.07373191956278247,0.011983453120975908,True
1.8633422405903772,1.9843447684731284,1.9857263570805221,0.06693223956435233,0.010042326251924126,True
1.9684352775383223,1.993902510981999,1.99509015536199,0.06267793390122214,0.008383672219557816,True
1.932273112755748,2.001781931697754,2.0028420799315727,0.06180041368638833,0.007291705103208633,True
2.064316155729096,2.0023558963501236,2.0034265207706037,0.0568973095767892,0.007703113242786915,True
2.052720272934684,2.0046618829519303,2.0056952128571917,0.059172045837330337,0.006308363417274805,True
2.1064954459184326,2.0062559300821796,2.0072616666022713,0.061393192496602994,0.004282853666363516,True
2.0873229568911986,2.0041813661846257,2.0052278762281217,0.06548343791260988,0.005669372815660986,True
2.072379883421887,2.01380275131978,2.014890590885403,0.0665012328006735,0.0054742393217266675,True
2.0264811409152834,2.021538213003431,2.0226080359609053,0.06668590427949601,0.0067750775194028,True
2.0296564055399675,2.0399077860062125,2.0407841456572244,0.0651103874393272,0.004921281952131045,True
2.044287866373815,2.0495011910032668,2.0503756869248906,0.06664429120813395,0.004698349557844687,True
1.9905891758828322,2.0611839684785083,2.0618857601139613,0.06555020752544263,0.0014030799697208084,True
1.9844981345488142,2.0585414634458745,2.0592655684552597,0.06542981257029565,0.0002097375628813745,True
1.9502174824030654,2.0547405906633216,2.0555295109379297,0.06934610862967572,-0.0007904284369783938,True
2.095664704219496,2.048444152943364,2.0492215735783446,0.0703555063733422,0.0013597077576990274,True
2.0759311523918744,2.0492395810062165,2.050034100063717,0.06778220151524342,0.0030696116116530037,True
2.157255408634887,2.050863419646904,2.0516852639039738,0.06696305349944674,0.005761442439527838,True
2.1219297574911926,2.0596227438455452,2.0606167146946093,0.06732079898530248,0.007473504767290055,True
2.119197552359608,2.069024188842527,2.070197779364624,0.06798419098185741,0.01026408721612774,True
2.022036075206951,2.0819256770089023,2.0835380321631045,0.07278229831078384,0.012028771623934632,True
1.9919063084138362,2.095611503043858,2.097287122726559,0.07219757874850016,0.014399508212366784,True
2.0057524423991158,2.11667670689799,2.1188017546892244,0.08046813271696639,0.0143079618468897,True
2.10004980589684,2.1350497651607885,2.1369101298022866,0.07801020894979326,0.011203818600738491,True
2.0983613016728904,2.13916889254487,2.1410093409324804,0.07755032275075109,0.008891247603846226,True
2.166630328093537,2.138468943022174,2.1403323907260177,0.08421592318308367,0.008771187067874485,True
2.1800795254916814,2.1408207078773636,2.1427220889479073,0.07991793367101924,0.010544362491550135,True
2.2507116770358104,2.14662622014212,2.1485890701788275,0.07853931893773791,0.010372310214537238,True
2.2095623924421357,2.149335624161231,2.151287049918129,0.07766462992375665,0.011031790214833952,True
2.3215413962149234,2.161277567959421,2.163009896840137,0.07709772372308214,0.00950009550849011,True
2.2441864146078374,2.1756835881015784,2.1769986755371167,0.07462992362681711,0.008471644853163072,True
2.161570742364802,2.194512178224611,2.195569736409916,0.08139650438870383,0.00425236088645696,True
2.0647319600287397,2.1987645923403147,2.199699151867965,0.08142194911571714,0.0009087173904421213,True
2.194883646317913,2.2005516085161982,2.201414787071152,0.08078466069584032,-0.0034556487268540895,True
2.2148179537273,2.1951471657214405,2.196195695614381,0.08150271307754711,-0.00882720964965936,True
2.162548016665386,2.1807493451461024,2.1826166639005247,0.09196703932408867,-0.011975097800059434,True
2.213107175977988,2.166384669651997,2.168514587967128,0.09156893028116367,-0.013554237346251236,True
2.222402630688357,2.1533821167126384,2.1558526564661618,0.09457710209793166,-0.014564642347886667,True
2.3070098843676385,2.136140228567939,2.1383174894171497,0.08682116474955821,-0.010061352874286734,True
2.168088431748098,2.132154004159608,2.134189369288089,0.0878479318152693,-0.007864694340123445,True
2.126953560487028,2.130315281446415,2.132338927084864,0.08841957630809011,-0.008099998210256837,True
2.0801592433774045,2.1317107416415704,2.1336970167846463,0.08197627153100195,-0.010405277590500375,True
1.9497143962862777,2.1246005309255747,2.1265605259511626,0.0822787325798808,-0.008956852898766004,True
2.0208768691301175,2.119186100993349,2.121024463345804,0.08459073232003773,-0.007948970863238041,True
2.0015215454123987,2.11371161445622,2.1155487737583885,0.08466793300312914,-0.008714071075284163,True
2.0456711858997325,2.1020083597971393,2.103791092083016,0.08405285261807231,-0.006861156392617832,True
2.180406824074549,2.093446207406134,2.0950066411323545,0.08283446194157612,-0.004295949748033398,True
2.1321511789537104,2.080215297320514,2.081058878888908,0.07221222670434845,-0.0022388199736337613,True
2.0870593231512244,2.0671056658842435,2.0680208354515575,0.07398009918758826,-0.0037106283762990484,True
2.0811202748619806,2.0523623603215833,2.0536483058899555,0.0806686851050946,-0.0033242644069797576,True
2.128187074811688,2.0471946402724592,2.048511481129173,0.07967408304081629,-0.003172499230118608,True
2.074956232071326,2.0517106193287815,2.0528846368333293,0.06687167593007447,-0.0067168922933381146,True
2.025855101432699,2.048714739767342,2.049968372789939,0.06227596705622077,-0.008869359217135088,True
2.085408192432276,2.04654319300975,2.0478654702005636,0.05569738436004713,-0.011202895737560852,True
2.095315322997717,2.041973398770103,2.0433772337840574,0.053887241612645374,-0.011545254633013433,True
1.9583343287677701,2.031998929013718,2.0330975275305976,0.05135746595504403,-0.010513761022579875,True
1.8910606714844582,2.0197518058344244,2.0208067677585317,0.1641369730761769,-0.010749873849307623,True
1.997475722591422,2.0077675155469743,2.008963442794876,0.49063067328838567,-0.010771134356791851,True
2.0219700611874374,1.9981594622469143,1.9993549260819827,1.0142419861588856,-0.010435958194237056,True
1.972942796147087,1.985916059691318,1.9868834975421763,1.7676192958390582,-0.007825855346765003,True
1.966776797290925,1.9797788132988616,1.9806159774672043,2.7604929012643145,-0.00739694538685815,True
1.9725544780653863,1.9723176071144208,1.9731953067395065,4.032718690689304,-0.006942983820396679,True
2.0208153079723883,1.9633503546302582,1.964022795393294,5.572625783474061,0.18582993341442397,True
1.9361972080850027,2.561937602930657,3.47832584860874,6.081090106480312,0.5359585060369538,True
1.8953106785520248,3.7448615252959603,6.2546635287393935,6.208534279004069,1.0083754791638717,True
1.9273914220610244,5.478211130284242,9.682384419315532,6.21495789181306,1.5742245951689944,True
1.9322926339221438,7.723598054206359,13.542044852608054,6.233496996030941,2.208050786726682,True
1.9767602897920247,10.458153435086107,17.722585790714007,6.320797196838344,2.8825632397341336,True
1.906475802481645,13.665749004849713,22.166767055223204,6.484362636330564,3.572147416980377,True
1.9419321526856776,17.325784720838453,26.83460995439407,6.702815414033455,4.2512052217836125,True
11.672711295804099,21.409796359043803,31.671352659323535,6.929946317536325,4.89597566949444,True
20.885117086612624,25.89164109437518,36.64122617865493,7.12509524183623,5.486142865592919,True
29.624654351296968,30.761940886482392,41.724768407210725,7.293412989797363,5.998873430824035,True
37.923666505345295,36.00204293105206,46.905844543713016,7.430131444268779,6.414190391607416,True
45.774856155263386,41.58720222864228,52.16121067107576,7.511273883349742,6.715729389130605,True
53.29447191236479,47.50552780832878,57.48120575625266,7.493677639788013,6.884762689986676,True
60.52734825311075,53.73819662311647,62.85116202978972,7.303181460013348,6.9052524418924115,True
67.31674068935102,60.278080029438456,68.26072096687713,6.800299014307093,6.758797618385192,True
73.73033107327444,67.10548978599104,73.70114750606935,5.736417927012859,6.431111878348811,True
79.8609938818004,73.59826249734334,79.10709972025059,5.322298552656727,6.118891993082644,True
85.73694339166674,79.76798015132431,84.4078813394617,5.285904709066363,5.820978373970543,True
91.28994018350453,85.63251729445068,89.56810223655133,5.375651496829819,5.537490525232818,True
96.62550190890612,91.21119438486537,94.5701799012722,5.440810464690683,5.267015384027102,True
101.69946132639505,96.5192965040923,99.39964445720804,5.416535903518629,5.007266927166489,True
106.5446103036334,101.56442735663386,104.04469237956158,5.28818763973359,4.759841818555832,True
111.18048825752719,106.35744948217439,108.50384706842081,5.072073389609976,4.525936715871886,True
115.55707467744095,110.91630259373724,112.78027026584033,4.816880424555142,4.302926767385615,True
119.60059955030802,115.25455422199033,116.87701935768716,4.579128484899623,4.089804044002969,True
123.45724864131883,119.38258700926477,120.79828529974658,4.356360435268175,3.8883755495027787,True
127.18249995198039,123.31348597961181,124.55321643296969,4.1467705124794865,3.697443992656114,True
130.70449006289397,127.05489716616634,128.1428135063107,3.9495868272540595,3.5183351235905507,True
134.0165655530299,130.62113466101496,131.57981770377995,3.765271880036849,3.3482248766757614,True
137.21570226175928,134.01123987939462,134.85798897479137,3.5870661721694943,3.1862103247905593,True
140.25839047435684,137.23096900330808,137.980553883539,3.411176148600117,3.032876570778539,True
143.14235712532366,140.28827012773576,140.9539327446501,3.235169143214739,2.888863823787711,True
145.9095184781913,143.19416557923392,143.78703823909572,3.062013592470823,2.753358181258983,True
148.6313269172195,145.96415740184358,146.49253703242186,2.9028327344329274,2.6252735170690293,True
151.152519168377,148.61029169799187,149.08207388241996,2.760641607459281,2.500352117167264,True
153.6853018264842,151.12340691097276,151.5445982975682,2.6225135346666786,2.3818729937720478,True
155.94114482046982,153.51824369309242,153.89464254924806,2.495318380004658,2.2680983464652904,True
158.06027628624872,155.80030149044347,156.13632731301527,2.381584876782772,2.155821795733479,True
160.0973062483698,157.96544093286695,158.26477885446522,2.271802658926205,2.0491285767053764,True
162.0514019014121,160.02890561781595,160.29567330708755,2.1714955229393667,1.948085547866545,True
163.920468712062,161.99789744063918,162.2357112447961,2.0820595469810232,1.849343106424906,True
165.79539737969137,163.86715086340416,164.0786868258637,1.9952635671580325,1.7545425497817806,True
167.39234335967478,165.63956510981654,165.82807744545715,1.9062512739805797,1.6634718727278184,True
169.021878576809,167.31773258508434,167.4853118616782,1.8179898557457872,1.5756948071694181,True
170.52949031064625,168.90029594957366,169.04980110874942,1.7191604262696356,1.497075168898964,True
171.85793334053488,170.41057993084866,170.54430921101223,1.6293868178807382,1.4220223157817107,True
173.27382543354125,171.8475826337236,171.96705242874717,1.5476482459056757,1.349111133277582,True
174.64622629049498,173.21127716029346,173.31782760500775,1.4695426965663578,1.2804675417844034,True
175.81757324243114,174.5095910980843,174.60477215262605,1.396971160795778,1.215212973349596,True
176.9899548598174,175.7420491351167,175.82713073264833,1.3275027216995143,1.1535793312207772,True
178.00319877266176,176.9061064119861,176.98262922885877,1.2516959096574753,1.0990653460634565,True
179.0063156583131,178.02137258958504,178.09021922886774,1.1890414523654231,1.0449929750349327,True
180.10568852086976,179.0757996095995,179.13781766540737,1.1102439548595304,0.9941825699944035,True
181.0523195322479,180.0763558392668,180.13224089531826,1.0339815393930194,0.947057593412795,True
181.91641867348778,181.03647547812247,181.08666941354468,0.9686547095490348,0.9019337510779394,True
182.82442490606488,181.95146774206566,181.99688357884236,0.9185226131689378,0.8617961821023099,True
183.63979730458135,182.82245947596178,182.86397812835992,0.9580474673524784,0.8244782447557368,True
184.42031380960148,183.6523285143569,183.69013185183033,1.1932355663714294,0.7891343460827195,True
185.2366022012577,184.44574039524073,184.48031993768927,1.6869909504062675,0.9478022138025968,True
185.89271089704033,185.820139670973,185.88304643823943,4.526222819417019,0.9473282725023757,True
186.53838998532322,186.73305179001426,186.79581247890152,5.484328797328091,0.8059767483930632,True
187.21984756222545,187.1796250194687,187.23441766932956,5.865697584824856,0.5511014849459711,True
187.91370165663227,187.19228774134478,187.24666874425264,5.994956736505971,0.19806656765433533,True
188.58209403283297,186.78047877228732,186.8534150509289,6.014178291983774,-0.23102516287709335,True
189.095477856753,185.96400600403229,186.0814940612853,6.0103112447005875,-0.7178008790737944,True
189.68454495395898,184.75389527099395,184.9467581235126,6.0273409761227255,-1.2470339006020257,True
199.99358718437807,183.1574449791105,183.4591127999021,6.086129810927833,-1.8000058752515453,True
193.61290956297293,181.1859701816253,181.62889332300068,6.18258667675585,-2.356342038314282,True
187.25086019214055,178.86531286592236,179.478231373085,6.2726274048374,-2.902094949058324,True
181.25492308226566,176.2069457660183,177.01336432429093,6.353210750300106,-3.4226063676042173,True
175.32747516856833,173.21379399343374,174.23065066961095,6.428790084092823,-3.9008499333401745,True
169.76086061398428,169.895270050651,171.12956791579947,6.496782693457021,-4.320051907966028,True
164.27802557596783,166.2649852822709,167.71099870887275,6.545766280843066,-4.666518089429523,True
158.8771091394666,162.33889924604074,163.97803292726218,6.559434139169465,-4.9306272515811465,True
153.69300544149414,158.115662271768,159.91248045087912,6.503007386774672,-5.095781687599757,True
148.7621938457932,152.99880703228362,154.7392653973997,5.032824592950688,-4.9324337298663785,True
144.0045163868583,148.04392347988477,149.72773740947565,4.047234402997744,-4.770638987666832,True
139.3294192008728,143.26114904593686,144.89043100430703,3.551432432549936,-4.614163051117837,True
134.81731857210815,138.63594826977848,140.20997072350107,3.4014747051151573,-4.460958572470913,True
130.49753773875142,134.16738118851072,135.68861481525104,3.4340856651731677,-4.314260908887289,True
126.27810127707036,129.83788165333783,131.30633692189028,3.5016119322253916,-4.169737242775748,True
122.11275336559558,125.65085565886362,127.0676212726297,3.5276263733838893,-4.030984668658131,True
118.12390335262792,121.60229052650682,122.97148369112263,3.480868304980876,-3.8990191203091054,True
114.33477272459125,117.68758486637265,119.01201103684502,3.361080960752908,-3.77361076469368,True
110.72646924897393,113.89482215273793,115.17630030102322,3.2517232907560305,-3.6530144021810416,True
107.25171066373167,110.21815643779851,111.45830227986639,3.1549214866204416,-3.534480587015546,True
103.83040186828447,106.66488155413015,107.86479450630534,3.058520200259152,-3.4197307087508486,True
100.48886805121784,103.2295858745538,104.39041762700097,2.9633061960617457,-3.3079513754447083,True
97.28560966438016,99.90740221435763,101.02908583942467,2.8709483614674074,-3.198458376677384,True
94.10006702175797,96.69635898623432,97.77975291144814,2.7794320809506705,-3.092494140105736,True
91.05771487934724,93.59673644841911,94.64457592742134,2.6825678070354453,-2.991478902366827,True
88.07799042763787,90.6035235298753,91.6177108570467,2.582593026949677,-2.895414006143052,True
85.17786494782749,87.70650357299681,88.68837748024052,2.4867736269434366,-2.8021363817756204,True
82.47702106217899,84.90081132394478,85.85016045964267,2.3989899405554196,-2.711673176937528,True
79.85258769888685,82.1781279603152,83.09532615877892,2.324252062003523,-2.6218616320112815,True
77.34259917561248,79.544036221556,80.4291654218695,2.2540316210306464,-2.533528671093439,True
74.90140962709752,76.99864769220723,77.85209226844367,2.18498424555649,-2.4490026477885505,True
72.51879276055227,74.5320004957926,75.35488897330609,2.1231167336025014,-2.366441694685181,True
70.2324966559271,72.15005880290002,72.94419706835154,2.059289381631329,-2.2884355027278316,True
67.98245341453523,69.8450995213075,70.6122697018003,1.9978004803018878,-2.213821641529782,True
65.83539326414133,67.61758706235315,68.36001739644368,1.9351377103168323,-2.143926569519687,True
63.68877684565843,65.46408502621289,66.18482985970572,1.8713742353589402,-2.0760360687973947,True
61.68493404813725,63.385066249916406,64.08311991398939,1.80754633413158,-2.008639412114,True
59.76265158163746,61.377425826767656,62.052442442620155,1.74460871239314,-1.9428574316882228,True
57.81925452174609,59.434584938064575,60.0863626487895,1.6867845643382493,-1.8764081213064876,True
55.988999935476755,57.56046468199506,58.18779688326926,1.6288544704653405,-1.8125631268547828,True
54.178366373867064,55.74526603783114,56.34950590220179,1.5759444370281566,-1.7476800483836412,True
52.43779108436819,53.998283516656834,54.57754203093262,1.5207791025159096,-1.6859798289674754,True
50.72183236958329,52.30630402622407,52.862680351090304,1.4694786742269434,-1.627323420491928,True
49.2127206414353,50.66794391410061,51.20240610590134,1.4227860849101168,-1.5716842182247766,True
47.730340928506756,49.08352622872724,49.59872188547913,1.3767368118396495,-1.5193056519253598,True
46.257144956363234,47.5500667565353,48.046586633219725,1.3341089183173143,-1.4680714075388333,True
44.91548552998521,46.06666015322335,46.54436362805077,1.2942333415176415,-1.4187999970616891,True
43.47561445392961,44.633176161810695,45.094233064702664,1.253107138243291,-1.370822030683056,True
42.28077631713817,43.25223704629249,43.69630351696494,1.208299953392012,-1.3253442289258521,True
40.910781567610925,41.918266775846156,42.34730106957822,1.161788029575596,-1.2830570844650608,True
39.62163147016598,40.62933055465599,41.045068846556305,1.1127649158883108,-1.2450475494402833,True
38.33809387968448,39.38167580100751,39.78740107405897,1.0612992268848203,-1.2100172165571839,True
37.14958249306633,38.17013489900966,38.56521927893142,1.0167490192332251,-1.1753957099968955,True
36.028145928646246,36.992816465425406,37.377343093165365,0.9787343014474573,-1.1418968749030118,True
34.883510659143624,35.84947819266097,36.224386906679854,0.9453031315475631,-1.1101563353384367,True
33.89397408718552,34.7335465312089,35.09823125954543,0.9235292787909286,-1.0739095163231476,True
32.83484204672567,33.666332834226566,34.01930946226048,0.8910845574885532,-1.0403924295172176,True
31.81481154532559,32.62168572950705,32.961144341989154,0.8718504012551869,-1.0064642674429367,True
30.75935631120747,31.60807009451038,31.936500859484763,0.8530755901675121,-0.9750816851038482,True
29.828066209469764,30.625835022668973,30.944161757307487,0.8343048704358048,-0.9445235649541768,True
28.893245991158782,29.67898557411402,29.98807634405411,0.8104965585316414,-0.9149069032705067,True
27.96373259213218,28.765282106698045,29.064668973940925,0.7841914936241594,-0.8853217984662334,True
27.060578946752027,27.88163686524188,28.17048181611492,0.7583444263591211,-0.8551511305168427,True
26.40019530221228,27.03103194074893,27.30949164031927,0.7288223468502749,-0.8273841877642238,True
25.566422641625977,26.19982526672095,26.4672819018245,0.7095478407040765,-0.7980305501707106,True
24.69293140766421,25.397817136520946,25.654256242864324,0.6885098021321164,-0.7706893126994151,True
23.905870320703386,24.619091123522615,24.865507192287435,0.6703805583620916,-0.7446541066499317,True
23.18850270280525,23.868579242212352,24.106746203655735,0.6495356432560655,-0.7216091410833136,True
22.53032701441074,23.138893567690168,23.36929708488507,0.6338280785648922,-0.6997620789299717,True
21.889822065347655,22.43081076172593,22.65454755702668,0.6212776510673915,-0.6768709631885371,True
21.273831867256426,21.75406637691181,21.970608876207425,0.6014024178715774,-0.6544279490609802,True
20.59466730273785,21.10584231037711,21.31544342449735,0.5758460826338884,-0.6325271888438143,True
20.00271196352557,20.472582881806197,20.671914842666403,0.5612570241074224,-0.607968111452038,True
19.355195337352253,19.86202417972837,20.05175729136203,0.5456646886054154,-0.5838608502187491,True
18.751166210243284,19.280409469294884,19.461804564662735,0.5215615132086793,-0.5649348653168661,True
18.15309541711481,18.713362121808522,18.889017955213365,0.49979221843331006,-0.5463524986520456,True
17.563921095731008,18.168365366809414,18.33772137608956,0.47575008040866984,-0.5283165074503956,True
17.13582243510625,17.63947390228985,17.80211922399818,0.5043933630097401,-0.5095285138033364,True
16.688993882196833,17.12803555234118,17.283227906923933,0.617268850555835,-0.49046187517669076,True
16.268044445077635,16.63208653621851,16.779271192179745,0.8028875122593252,-0.472646325942052,True
15.797483408380725,16.15110321830659,16.29214774525876,1.0246918798763518,-0.45806407482559297,True
15.387096040728476,15.679135841887165,15.81508376362296,1.272070631973774,-0.44393814631247386,True
14.833112760921606,15.224185012953763,15.356341824554862,1.5461860670927887,-0.6235042482011014,True
14.468554622819497,14.173193593078263,14.631333912796656,2.1044897736893327,-0.7726965525658613,True
14.068063582097729,13.162775970340494,13.918570953650097,2.426566602059016,-0.8955608981520408,True
13.706808466168951,12.184179333024243,13.216393275176035,2.6348091142167394,-0.9924802092990053,True
13.338647609293677,11.229537474693995,12.511489187942576,2.767559898280537,-1.06080034378703,True
12.898934216147158,10.301408210518723,11.804281315390725,2.846629073445382,-1.101431207225717,True
12.451233940814745,9.399758464168098,11.091098111518942,2.8879606262957034,-1.1160938406602705,True
12.075982074417816,8.523895637275322,10.373705771427517,2.906149283333495,-1.1066723606751032,True
1.9353034922352794,7.670377343818132,9.643823472073557,2.911028473261361,-1.072001496382766,True
1.9864134533105111,6.850924841624093,8.912760901068923,2.9095117009046207,-1.0151381606025438,True
1.9063748986710227,6.057188118142745,8.157766139036722,2.9086118967336367,-0.9350049308731506,True
1.8615527018222764,5.286222664865701,7.373423223236032,2.899877694636193,-0.831840344167596,True
1.8389256553924846,4.539908115081203,6.543695849109629,2.874823357050654,-0.7045577025176062,True
1.841648503467603,3.8227690450092817,5.649534477613237,2.82606771115773,-0.5575035485969826,True
1.7836781780963034,3.129501427167377,4.660722353826297,2.750462275932118,-0.39155846825614044,True
1.73080334541345,2.4652535393396144,3.498646205480537,2.642562894317454,-0.20661749097387516,True
1.7218727258169793,1.829958595892252,1.8315292014496247,2.4889076029178443,-0.004351955452650015,True
1.7687670471179326,1.8277194669368708,1.8291836011632439,2.0344469979898667,-0.0012146967954570565,True
1.7326163296650332,1.8210771031771702,1.8221497252524252,1.6309713990548365,0.004906563675063818,True
1.7657756696169724,1.824923986825256,1.8262348157638317,1.2582995576188682,0.00904168292538837,True
1.8644224881429354,1.8307247027579914,1.8322850902704653,0.92211447290221,0.013504085495050397,True
1.8066523306766844,1.8425093014676153,1.84467685032004,0.6281213646282967,0.01748452324915594,True
1.8232677355705496,1.8554747245635235,1.8582997124593126,0.38666831717414674,0.020462157704406517,True
1.9112629792600133,1.8703173573623308,1.873433116435766,0.19062934279078433,0.022223160697605174,True
1.899477428949183,1.890065128854083,1.8932380334615204,0.052028924780691634,0.022412427254964267,True
1.8801356331553003,1.9111343026605236,1.9141603078553886,0.04549517721316921,0.022627910989632984,True
1.9679250370403936,1.9325479590889136,1.9357422190913873,0.047403920588119194,0.021950423031682955,True
1.9543641567460417,1.953120500060127,1.9558011787254599,0.04231601239626177,0.019624111874338948,True
2.0274792347464694,1.9711959457984833,1.9733778561458235,0.03972577487375484,0.017005057334335095,True
2.049095273002131,1.9823598178170374,1.9843998145117117,0.03904740175548047,0.016584263518277763,True
2.021160302877221,1.999371338579258,2.000984932606753,0.03804370509370371,0.012925637347550254,True
2.0467676892814897,2.010760880842019,2.011852036594082,0.042277459125309114,0.01032642061792876,True
2.0589795067200285,2.020412817944693,2.021369326845065,0.041883296686247,0.009429498003580306,True
2.111385549972173,2.0319342038414687,2.0326896117607505,0.04209218998131417,0.006053815251643575,True
2.0617769852044456,2.0389401741683244,2.039352040378586,0.049085601748703696,0.0034684728785987903,True
2.054982801430676,2.0450631252380536,2.0453986434175917,0.04867700954711855,0.00479891969124206,True
2.0430444404397963,2.059793740496459,2.06026829317069,0.05539090030429358,0.005905441547605426,True
2.078836662872214,2.0719297845073923,2.0727453127001656,0.0648684207470936,0.008996545466202838,True
2.0055004117747313,2.0859879945770574,2.0873544230071612,0.08117475307788605,0.011254667147446688,True
2.065693972902793,2.099543283265695,2.1011385588898,0.09230594992714462,0.009778620574360903,True
2.083819603297599,2.1030357957122767,2.1045843126861636,0.09268291698956733,0.006196259318471954,True
1.9922311583849823,2.0978872939230704,2.0996423321572872,0.09360792690407481,0.0034241573162125945,True
2.065892254156065,2.09063931448799,2.0925419699947967,0.0920276890118081,0.001280890447421308,True
2.190054000880519,2.0843149072061777,2.0864546080544777,0.0935397954509058,-0.002547127347018249,True
2.2216559389214057,2.075354977222479,2.0779201892661137,0.0978155720830532,-0.005970884613971886,True
2.274026634116783,2.0677344204699697,2.070638357345549,0.10033832656912618,-0.00837365090198683,True
2.238044921895421,2.060924836528667,2.0639702295173157,0.10057261711746622,-0.011428114453970743,True
2.102647888426797,2.053533271357368,2.0569880160358895,0.10153186050534548,-0.01582710905157806,True
1.9766034780927262,2.0417534859548203,2.0456668957103163,0.10417644141859296,-0.016446441650144885,True
1.9954178790108827,2.0356539505287166,2.0395900702199614,0.10408238883160298,-0.017695708700442205,True
1.9605864686954515,2.031375483016822,2.0354786037964643,0.10176860904983545,-0.019325606934820605,True
1.9116239216914928,2.0264694044880285,2.030587944649495,0.10158311272121735,-0.019851972669563102,True
1.9211155323996483,2.0121036483297536,2.0158536248090138,0.09847757343680738,-0.01662126783019232,True
1.9698833198113783,1.9981826048088471,2.0012273798523252,0.0914426807857029,-0.010930841635393328,True
1.8872353690339427,1.9851135030909879,1.9870090281136636,0.07663210986163675,-0.0030198732120542363,True
1.8772174064620282,1.9764644305759917,1.9775458921219846,0.06567601917611479,0.005301233342522807,True
1.986227036479943,1.9787527108955665,1.9799985935959237,0.08771670477739194,0.0091133543648793,True
1.923775678194669,1.9832947251088036,1.9846108009165195,0.10871855424736758,0.011441157501319252,True
1.987394997695366,1.9903751034258306,1.9919183633362636,0.1558757636050937,0.01253732274743597,True
1.9602019023481214,1.9954157463444107,1.9969753448883958,0.19923841875588735,0.012936905571450549,True
1.9989192425869005,2.0041032354898243,2.005575356777743,0.2531248113957125,0.01219067827237352,True
2.0649210066310375,2.0126913245295484,2.01407795742457,0.3164959501853294,0.011692373377327885,True
2.099659761655483,2.019501964979595,2.0209118015877197,0.3898092491702019,0.01286335051942361,True
2.1392603735399933,1.901549754414973,1.9650651200820877,0.38904047690212257,0.011840737175138625,True
2.0492757055045168,1.7842236665110962,1.9082018634615097,0.38824846352691933,0.009591819438172389,True
2.1087039320833174,1.6600844767311,1.8424618684494491,0.3882439669004269,0.009955707942060866,True
2.0412367553927306,1.5398484968439334,1.7785833359557264,0.3879587227083338,0.007243391187913514,True
2.050623748018113,1.415636309487973,1.7077763328771614,0.387958007342414,0.005830790466294253,True
2.05852495703523,1.2931236905912151,1.6359555417285305,0.3878581113442574,0.0011806901612514593,True
2.07885356701212,1.1681912379295338,1.5577614229602936,0.3878559460987201,-0.00421643955819957,True
